{
    "dag": {
        "\u7269\u6599\u53ef\u52a0\u5de5\u6027\u7b49\u7ea7": [],
        "\u7269\u6599\u5c3a\u5bf8\u504f\u5dee": [
            "\u7269\u6599\u53ef\u52a0\u5de5\u6027\u7b49\u7ea7"
        ],
        "\u52a0\u5de5\u673a\u68b0\u4fdd\u517b\u72b6\u51b5\u7b49\u7ea7": [
            "\u7269\u6599\u5c3a\u5bf8\u504f\u5dee"
        ],
        "\u52a0\u5de5\u673a\u68b0\u6545\u969c\u7387": [
            "\u7269\u6599\u5c3a\u5bf8\u504f\u5dee"
        ],
        "\u8f66\u95f4\u6e05\u6d01\u5ea6\u7b49\u7ea7": [
            "\u7269\u6599\u53ef\u52a0\u5de5\u6027\u7b49\u7ea7"
        ],
        "\u8f66\u95f4\u6e29\u5ea6\u504f\u5dee": [
            "\u7269\u6599\u5c3a\u5bf8\u504f\u5dee",
            "\u52a0\u5de5\u673a\u68b0\u6545\u969c\u7387",
            "\u8f66\u95f4\u6e05\u6d01\u5ea6\u7b49\u7ea7"
        ],
        "\u8bbe\u5907\u4e3b\u8f74\u8f6c\u901f\u504f\u5dee": [
            "\u8f66\u95f4\u6e05\u6d01\u5ea6\u7b49\u7ea7"
        ],
        "\u8bbe\u5907\u8fdb\u7ed9\u901f\u5ea6\u504f\u5dee": [
            "\u52a0\u5de5\u673a\u68b0\u6545\u969c\u7387"
        ],
        "\u64cd\u4f5c\u4eba\u5458\u6280\u672f\u719f\u7ec3\u7b49\u7ea7": [
            "\u7269\u6599\u5c3a\u5bf8\u504f\u5dee"
        ],
        "\u64cd\u4f5c\u4eba\u5458\u53cd\u9988\u6700\u5c0f\u65f6\u95f4": [
            "\u8bbe\u5907\u4e3b\u8f74\u8f6c\u901f\u504f\u5dee"
        ],
        "\u4ea7\u54c1\u7cbe\u5ea6\u8bef\u5dee": [
            "\u7269\u6599\u5c3a\u5bf8\u504f\u5dee",
            "\u64cd\u4f5c\u4eba\u5458\u6280\u672f\u719f\u7ec3\u7b49\u7ea7",
            "\u64cd\u4f5c\u4eba\u5458\u53cd\u9988\u6700\u5c0f\u65f6\u95f4"
        ],
        "\u4ea7\u54c1\u751f\u4ea7\u6548\u7387": [
            "\u4ea7\u54c1\u7cbe\u5ea6\u8bef\u5dee"
        ],
        "\u4ea7\u54c1\u5e9f\u54c1\u7387": [
            "\u7269\u6599\u5c3a\u5bf8\u504f\u5dee",
            "\u64cd\u4f5c\u4eba\u5458\u53cd\u9988\u6700\u5c0f\u65f6\u95f4"
        ]
    },
    "table": {
        "\u7269\u6599\u53ef\u52a0\u5de5\u6027\u7b49\u7ea7": {
            "2": 0.778,
            "1": 0.222
        },
        "\u7269\u6599\u5c3a\u5bf8\u504f\u5dee": {
            "2": {
                "2": 0.571,
                "1": 0.429
            },
            "1": {
                "1": 0.5,
                "2": 0.5
            }
        },
        "\u52a0\u5de5\u673a\u68b0\u4fdd\u517b\u72b6\u51b5\u7b49\u7ea7": {
            "2": {
                "1": 1.0
            },
            "1": {
                "1": 1.0
            }
        },
        "\u52a0\u5de5\u673a\u68b0\u6545\u969c\u7387": {
            "2": {
                "1": 0.8,
                "2": 0.2
            },
            "1": {
                "2": 1.0
            }
        },
        "\u8f66\u95f4\u6e05\u6d01\u5ea6\u7b49\u7ea7": {
            "2": {
                "2": 1.0
            },
            "1": {
                "1": 0.5,
                "2": 0.5
            }
        },
        "\u8f66\u95f4\u6e29\u5ea6\u504f\u5dee": {
            "212": {
                "1": 0.25,
                "2": 0.75
            },
            "121": {
                "1": 1.0
            },
            "222": {
                "1": 1.0
            },
            "122": {
                "2": 1.0
            }
        },
        "\u8bbe\u5907\u4e3b\u8f74\u8f6c\u901f\u504f\u5dee": {
            "2": {
                "1": 1.0
            },
            "1": {
                "2": 1.0
            }
        },
        "\u8bbe\u5907\u8fdb\u7ed9\u901f\u5ea6\u504f\u5dee": {
            "1": {
                "2": 0.75,
                "1": 0.25
            },
            "2": {
                "1": 0.8,
                "2": 0.2
            }
        },
        "\u64cd\u4f5c\u4eba\u5458\u6280\u672f\u719f\u7ec3\u7b49\u7ea7": {
            "2": {
                "2": 0.8,
                "1": 0.2
            },
            "1": {
                "1": 0.75,
                "2": 0.25
            }
        },
        "\u64cd\u4f5c\u4eba\u5458\u53cd\u9988\u6700\u5c0f\u65f6\u95f4": {
            "1": {
                "2": 1.0
            },
            "2": {
                "1": 1.0
            }
        },
        "\u4ea7\u54c1\u7cbe\u5ea6\u8bef\u5dee": {
            "222": {
                "2": 1.0
            },
            "111": {
                "1": 1.0
            },
            "112": {
                "2": 0.5,
                "1": 0.5
            },
            "212": {
                "2": 1.0
            },
            "122": {
                "2": 1.0
            }
        },
        "\u4ea7\u54c1\u751f\u4ea7\u6548\u7387": {
            "2": {
                "2": 1.0
            },
            "1": {
                "2": 1.0
            }
        },
        "\u4ea7\u54c1\u5e9f\u54c1\u7387": {
            "22": {
                "1": 1.0
            },
            "11": {
                "1": 1.0
            },
            "12": {
                "2": 1.0
            }
        }
    }
}