{
    "dag": {
        "X1": [],
        "X2": [
            "X1"
        ],
        "X3": [
            "X2"
        ],
        "X4": [
            "X3"
        ],
        "X5": [
            "X3"
        ],
        "X6": [
            "X3"
        ],
        "X7": [
            "X3"
        ],
        "X8": [
            "X3"
        ],
        "X9": [
            "X3"
        ],
        "X10": [
            "X3"
        ],
        "X11": [
            "X3"
        ],
        "X12": [
            "X3"
        ],
        "Y1": [
            "X1",
            "X4",
            "X5"
        ],
        "Y2": [
            "X9",
            "X11"
        ],
        "Y3": [
            "X12",
            "Y2"
        ]
    },
    "table": {
        "X1": {
            "3": 0.2801,
            "1": 0.4623,
            "2": 0.2576
        },
        "X2": {
            "3": {
                "1": 1.0
            },
            "1": {
                "1": 1.0
            },
            "2": {
                "1": 1.0
            }
        },
        "X3": {
            "1": {
                "1": 1.0
            }
        },
        "X4": {
            "1": {
                "2": 0.2393,
                "3": 0.4555,
                "1": 0.3052
            }
        },
        "X5": {
            "1": {
                "3": 0.4557,
                "1": 0.3008,
                "2": 0.2435
            }
        },
        "X6": {
            "1": {
                "1": 0.3007,
                "3": 0.3389,
                "2": 0.3604
            }
        },
        "X7": {
            "1": {
                "3": 0.994,
                "1": 0.0047,
                "2": 0.0013
            }
        },
        "X8": {
            "1": {
                "1": 0.7325,
                "3": 0.2647,
                "2": 0.0028
            }
        },
        "X9": {
            "1": {
                "3": 0.397,
                "2": 0.6016,
                "1": 0.0014
            }
        },
        "X10": {
            "1": {
                "1": 0.338,
                "3": 0.2974,
                "2": 0.3646
            }
        },
        "X11": {
            "1": {
                "2": 0.3798,
                "3": 0.3075,
                "1": 0.3127
            }
        },
        "X12": {
            "1": {
                "2": 0.3131,
                "3": 0.3336,
                "1": 0.3533
            }
        },
        "Y1": {
            "323": {
                "3": 1.0
            },
            "131": {
                "1": 0.7746478873239436,
                "2": 0.22535211267605634
            },
            "333": {
                "3": 1.0
            },
            "112": {
                "1": 0.9623655913978495,
                "2": 0.03763440860215054
            },
            "313": {
                "3": 0.9568345323741008,
                "2": 0.04316546762589928
            },
            "113": {
                "1": 0.7667731629392971,
                "2": 0.23322683706070288
            },
            "233": {
                "3": 0.825426944971537,
                "2": 0.174573055028463
            },
            "132": {
                "2": 0.39622641509433965,
                "1": 0.6037735849056604
            },
            "332": {
                "3": 1.0
            },
            "111": {
                "1": 0.9974874371859297,
                "2": 0.002512562814070352
            },
            "133": {
                "2": 0.6402010050251257,
                "1": 0.32663316582914576,
                "3": 0.033165829145728645
            },
            "231": {
                "2": 0.7951482479784366,
                "3": 0.19946091644204852,
                "1": 0.005390835579514825
            },
            "213": {
                "2": 0.8258426966292135,
                "3": 0.16853932584269662,
                "1": 0.0056179775280898875
            },
            "122": {
                "1": 0.8286713286713286,
                "2": 0.17132867132867133
            },
            "321": {
                "3": 0.693069306930693,
                "2": 0.3069306930693069
            },
            "322": {
                "2": 0.05521472392638037,
                "3": 0.9447852760736196
            },
            "212": {
                "2": 0.9455445544554455,
                "1": 0.054455445544554455
            },
            "221": {
                "2": 0.9132947976878613,
                "1": 0.08670520231213873
            },
            "123": {
                "1": 0.604040404040404,
                "2": 0.39595959595959596
            },
            "121": {
                "1": 0.9701492537313433,
                "2": 0.029850746268656716
            },
            "331": {
                "3": 0.9509043927648578,
                "2": 0.04909560723514212
            },
            "311": {
                "2": 0.65625,
                "3": 0.34375
            },
            "223": {
                "2": 0.5736434108527132,
                "3": 0.4263565891472868
            },
            "211": {
                "2": 0.5991902834008097,
                "1": 0.4008097165991903
            },
            "232": {
                "3": 0.5,
                "2": 0.5
            },
            "222": {
                "2": 0.9259259259259259,
                "3": 0.06790123456790123,
                "1": 0.006172839506172839
            },
            "312": {
                "3": 0.6910112359550562,
                "2": 0.3089887640449438
            }
        },
        "Y2": {
            "32": {
                "2": 0.8744186046511628,
                "1": 0.09833887043189368,
                "3": 0.02724252491694352
            },
            "23": {
                "3": 1.0
            },
            "22": {
                "2": 0.8791064388961892,
                "3": 0.09505037231712658,
                "1": 0.025843188786684186
            },
            "21": {
                "1": 1.0
            },
            "31": {
                "1": 1.0
            },
            "33": {
                "3": 1.0
            },
            "12": {
                "2": 1.0
            },
            "13": {
                "3": 1.0
            }
        },
        "Y3": {
            "22": {
                "2": 0.9706439393939394,
                "3": 0.029356060606060608
            },
            "23": {
                "2": 0.9475766567754699,
                "1": 0.05242334322453017
            },
            "33": {
                "3": 0.773011617515639,
                "2": 0.22698838248436104
            },
            "32": {
                "3": 0.9865107913669064,
                "2": 0.013489208633093525
            },
            "12": {
                "2": 0.060085836909871244,
                "1": 0.9399141630901288
            },
            "31": {
                "3": 1.0
            },
            "11": {
                "1": 0.8437768240343347,
                "2": 0.15622317596566523
            },
            "13": {
                "1": 1.0
            },
            "21": {
                "2": 0.7791353383458647,
                "3": 0.22086466165413535
            }
        }
    }
}